{"frames": {

"attack/attackD0001.png":
{
	"frame": {"x":94,"y":1173,"w":58,"h":112},
	"rotated": false,
	"trimmed": true,
	"spriteSourceSize": {"x":1,"y":0,"w":58,"h":112},
	"sourceSize": {"w":61,"h":112}
},
"attack/attackD0002.png":
{
	"frame": {"x":154,"y":1173,"w":59,"h":112},
	"rotated": false,
	"trimmed": true,
	"spriteSourceSize": {"x":1,"y":0,"w":59,"h":112},
	"sourceSize": {"w":61,"h":112}
},
"attack/attackD0003.png":
{
	"frame": {"x":361,"y":1070,"w":61,"h":111},
	"rotated": false,
	"trimmed": true,
	"spriteSourceSize": {"x":0,"y":1,"w":61,"h":111},
	"sourceSize": {"w":61,"h":112}
},
"attack/attackD0004.png":
{
	"frame": {"x":270,"y":443,"w":50,"h":96},
	"rotated": false,
	"trimmed": true,
	"spriteSourceSize": {"x":9,"y":1,"w":50,"h":96},
	"sourceSize": {"w":61,"h":112}
},
"attack/attackD0005.png":
{
	"frame": {"x":244,"y":541,"w":49,"h":97},
	"rotated": false,
	"trimmed": true,
	"spriteSourceSize": {"x":9,"y":0,"w":49,"h":97},
	"sourceSize": {"w":61,"h":112}
},
"attack/attackD0006.png":
{
	"frame": {"x":322,"y":449,"w":50,"h":96},
	"rotated": false,
	"trimmed": true,
	"spriteSourceSize": {"x":8,"y":0,"w":50,"h":96},
	"sourceSize": {"w":61,"h":112}
},
"attack/attackD0007.png":
{
	"frame": {"x":222,"y":442,"w":46,"h":93},
	"rotated": false,
	"trimmed": true,
	"spriteSourceSize": {"x":11,"y":0,"w":46,"h":93},
	"sourceSize": {"w":61,"h":112}
},
"attack/attackD0008.png":
{
	"frame": {"x":254,"y":350,"w":46,"h":90},
	"rotated": false,
	"trimmed": true,
	"spriteSourceSize": {"x":11,"y":0,"w":46,"h":90},
	"sourceSize": {"w":61,"h":112}
},
"attack/attackL0001.png":
{
	"frame": {"x":215,"y":1180,"w":107,"h":112},
	"rotated": false,
	"trimmed": true,
	"spriteSourceSize": {"x":8,"y":0,"w":107,"h":112},
	"sourceSize": {"w":115,"h":112}
},
"attack/attackL0002.png":
{
	"frame": {"x":324,"y":1183,"w":113,"h":112},
	"rotated": false,
	"trimmed": true,
	"spriteSourceSize": {"x":2,"y":0,"w":113,"h":112},
	"sourceSize": {"w":115,"h":112}
},
"attack/attackL0003.png":
{
	"frame": {"x":247,"y":1068,"w":112,"h":110},
	"rotated": false,
	"trimmed": true,
	"spriteSourceSize": {"x":0,"y":2,"w":112,"h":110},
	"sourceSize": {"w":115,"h":112}
},
"attack/attackL0004.png":
{
	"frame": {"x":295,"y":547,"w":103,"h":96},
	"rotated": false,
	"trimmed": true,
	"spriteSourceSize": {"x":9,"y":2,"w":103,"h":96},
	"sourceSize": {"w":115,"h":112}
},
"attack/attackL0005.png":
{
	"frame": {"x":400,"y":547,"w":104,"h":96},
	"rotated": false,
	"trimmed": true,
	"spriteSourceSize": {"x":7,"y":1,"w":104,"h":96},
	"sourceSize": {"w":115,"h":112}
},
"attack/attackL0006.png":
{
	"frame": {"x":374,"y":450,"w":104,"h":95},
	"rotated": false,
	"trimmed": true,
	"spriteSourceSize": {"x":7,"y":1,"w":104,"h":95},
	"sourceSize": {"w":115,"h":112}
},
"attack/attackL0007.png":
{
	"frame": {"x":48,"y":438,"w":91,"h":92},
	"rotated": false,
	"trimmed": true,
	"spriteSourceSize": {"x":22,"y":0,"w":91,"h":92},
	"sourceSize": {"w":115,"h":112}
},
"attack/attackL0008.png":
{
	"frame": {"x":1,"y":174,"w":80,"h":86},
	"rotated": false,
	"trimmed": true,
	"spriteSourceSize": {"x":33,"y":0,"w":80,"h":86},
	"sourceSize": {"w":115,"h":112}
},
"attack/attackLD0001.png":
{
	"frame": {"x":1,"y":1273,"w":91,"h":112},
	"rotated": false,
	"trimmed": true,
	"spriteSourceSize": {"x":6,"y":0,"w":91,"h":112},
	"sourceSize": {"w":100,"h":112}
},
"attack/attackLD0002.png":
{
	"frame": {"x":94,"y":1287,"w":94,"h":112},
	"rotated": false,
	"trimmed": true,
	"spriteSourceSize": {"x":3,"y":0,"w":94,"h":112},
	"sourceSize": {"w":100,"h":112}
},
"attack/attackLD0003.png":
{
	"frame": {"x":1,"y":1160,"w":91,"h":111},
	"rotated": false,
	"trimmed": true,
	"spriteSourceSize": {"x":0,"y":1,"w":91,"h":111},
	"sourceSize": {"w":100,"h":112}
},
"attack/attackLD0004.png":
{
	"frame": {"x":1,"y":629,"w":84,"h":96},
	"rotated": false,
	"trimmed": true,
	"spriteSourceSize": {"x":7,"y":1,"w":84,"h":96},
	"sourceSize": {"w":100,"h":112}
},
"attack/attackLD0005.png":
{
	"frame": {"x":1,"y":532,"w":91,"h":95},
	"rotated": false,
	"trimmed": true,
	"spriteSourceSize": {"x":9,"y":1,"w":91,"h":95},
	"sourceSize": {"w":100,"h":112}
},
"attack/attackLD0006.png":
{
	"frame": {"x":94,"y":535,"w":96,"h":95},
	"rotated": false,
	"trimmed": true,
	"spriteSourceSize": {"x":4,"y":1,"w":96,"h":95},
	"sourceSize": {"w":100,"h":112}
},
"attack/attackLD0007.png":
{
	"frame": {"x":141,"y":441,"w":79,"h":92},
	"rotated": false,
	"trimmed": true,
	"spriteSourceSize": {"x":20,"y":0,"w":79,"h":92},
	"sourceSize": {"w":100,"h":112}
},
"attack/attackLD0008.png":
{
	"frame": {"x":83,"y":174,"w":76,"h":86},
	"rotated": false,
	"trimmed": true,
	"spriteSourceSize": {"x":23,"y":0,"w":76,"h":86},
	"sourceSize": {"w":100,"h":112}
},
"attack/attackLU0001.png":
{
	"frame": {"x":190,"y":1294,"w":89,"h":112},
	"rotated": false,
	"trimmed": true,
	"spriteSourceSize": {"x":8,"y":0,"w":89,"h":112},
	"sourceSize": {"w":97,"h":112}
},
"attack/attackLU0002.png":
{
	"frame": {"x":281,"y":1297,"w":95,"h":112},
	"rotated": false,
	"trimmed": true,
	"spriteSourceSize": {"x":2,"y":0,"w":95,"h":112},
	"sourceSize": {"w":97,"h":112}
},
"attack/attackLU0003.png":
{
	"frame": {"x":151,"y":1061,"w":94,"h":110},
	"rotated": false,
	"trimmed": true,
	"spriteSourceSize": {"x":0,"y":2,"w":94,"h":110},
	"sourceSize": {"w":97,"h":112}
},
"attack/attackLU0004.png":
{
	"frame": {"x":87,"y":632,"w":85,"h":97},
	"rotated": false,
	"trimmed": true,
	"spriteSourceSize": {"x":9,"y":2,"w":85,"h":97},
	"sourceSize": {"w":97,"h":112}
},
"attack/attackLU0005.png":
{
	"frame": {"x":273,"y":746,"w":82,"h":101},
	"rotated": false,
	"trimmed": true,
	"spriteSourceSize": {"x":7,"y":1,"w":82,"h":101},
	"sourceSize": {"w":97,"h":112}
},
"attack/attackLU0006.png":
{
	"frame": {"x":357,"y":746,"w":82,"h":101},
	"rotated": false,
	"trimmed": true,
	"spriteSourceSize": {"x":7,"y":1,"w":82,"h":101},
	"sourceSize": {"w":97,"h":112}
},
"attack/attackLU0007.png":
{
	"frame": {"x":277,"y":645,"w":77,"h":99},
	"rotated": false,
	"trimmed": true,
	"spriteSourceSize": {"x":17,"y":0,"w":77,"h":99},
	"sourceSize": {"w":97,"h":112}
},
"attack/attackLU0008.png":
{
	"frame": {"x":356,"y":645,"w":76,"h":99},
	"rotated": false,
	"trimmed": true,
	"spriteSourceSize": {"x":18,"y":0,"w":76,"h":99},
	"sourceSize": {"w":97,"h":112}
},
"attack/attackU0001.png":
{
	"frame": {"x":439,"y":1183,"w":58,"h":112},
	"rotated": false,
	"trimmed": true,
	"spriteSourceSize": {"x":1,"y":1,"w":58,"h":112},
	"sourceSize": {"w":61,"h":113}
},
"attack/attackU0002.png":
{
	"frame": {"x":378,"y":1297,"w":59,"h":112},
	"rotated": false,
	"trimmed": true,
	"spriteSourceSize": {"x":1,"y":1,"w":59,"h":112},
	"sourceSize": {"w":61,"h":113}
},
"attack/attackU0003.png":
{
	"frame": {"x":424,"y":1070,"w":61,"h":111},
	"rotated": false,
	"trimmed": true,
	"spriteSourceSize": {"x":0,"y":2,"w":61,"h":111},
	"sourceSize": {"w":61,"h":113}
},
"attack/attackU0004.png":
{
	"frame": {"x":192,"y":537,"w":50,"h":96},
	"rotated": false,
	"trimmed": true,
	"spriteSourceSize": {"x":9,"y":2,"w":50,"h":96},
	"sourceSize": {"w":61,"h":113}
},
"attack/attackU0005.png":
{
	"frame": {"x":226,"y":640,"w":49,"h":98},
	"rotated": false,
	"trimmed": true,
	"spriteSourceSize": {"x":9,"y":0,"w":49,"h":98},
	"sourceSize": {"w":61,"h":113}
},
"attack/attackU0006.png":
{
	"frame": {"x":174,"y":635,"w":50,"h":97},
	"rotated": false,
	"trimmed": true,
	"spriteSourceSize": {"x":8,"y":0,"w":50,"h":97},
	"sourceSize": {"w":61,"h":113}
},
"attack/attackU0007.png":
{
	"frame": {"x":434,"y":645,"w":46,"h":99},
	"rotated": false,
	"trimmed": true,
	"spriteSourceSize": {"x":11,"y":1,"w":46,"h":99},
	"sourceSize": {"w":61,"h":113}
},
"attack/attackU0008.png":
{
	"frame": {"x":434,"y":645,"w":46,"h":99},
	"rotated": false,
	"trimmed": true,
	"spriteSourceSize": {"x":11,"y":1,"w":46,"h":99},
	"sourceSize": {"w":61,"h":113}
},
"head/headD0001.png":
{
	"frame": {"x":302,"y":351,"w":46,"h":90},
	"rotated": false,
	"trimmed": false,
	"spriteSourceSize": {"x":0,"y":0,"w":46,"h":90},
	"sourceSize": {"w":46,"h":90}
},
"head/headD0002.png":
{
	"frame": {"x":350,"y":357,"w":46,"h":90},
	"rotated": false,
	"trimmed": false,
	"spriteSourceSize": {"x":0,"y":0,"w":46,"h":90},
	"sourceSize": {"w":46,"h":90}
},
"head/headD0003.png":
{
	"frame": {"x":383,"y":266,"w":46,"h":89},
	"rotated": false,
	"trimmed": true,
	"spriteSourceSize": {"x":0,"y":1,"w":46,"h":89},
	"sourceSize": {"w":46,"h":90}
},
"head/headD0004.png":
{
	"frame": {"x":158,"y":350,"w":46,"h":89},
	"rotated": false,
	"trimmed": true,
	"spriteSourceSize": {"x":0,"y":1,"w":46,"h":89},
	"sourceSize": {"w":46,"h":90}
},
"head/headD0005.png":
{
	"frame": {"x":399,"y":88,"w":46,"h":87},
	"rotated": false,
	"trimmed": true,
	"spriteSourceSize": {"x":0,"y":3,"w":46,"h":87},
	"sourceSize": {"w":46,"h":90}
},
"head/headD0006.png":
{
	"frame": {"x":447,"y":93,"w":46,"h":87},
	"rotated": false,
	"trimmed": true,
	"spriteSourceSize": {"x":0,"y":3,"w":46,"h":87},
	"sourceSize": {"w":46,"h":90}
},
"head/headD0007.png":
{
	"frame": {"x":465,"y":1,"w":45,"h":90},
	"rotated": false,
	"trimmed": true,
	"spriteSourceSize": {"x":0,"y":0,"w":45,"h":90},
	"sourceSize": {"w":46,"h":90}
},
"head/headD0008.png":
{
	"frame": {"x":398,"y":358,"w":45,"h":90},
	"rotated": false,
	"trimmed": true,
	"spriteSourceSize": {"x":0,"y":0,"w":45,"h":90},
	"sourceSize": {"w":46,"h":90}
},
"head/headL0001.png":
{
	"frame": {"x":161,"y":174,"w":72,"h":86},
	"rotated": false,
	"trimmed": true,
	"spriteSourceSize": {"x":0,"y":0,"w":72,"h":86},
	"sourceSize": {"w":76,"h":86}
},
"head/headL0002.png":
{
	"frame": {"x":235,"y":174,"w":72,"h":86},
	"rotated": false,
	"trimmed": true,
	"spriteSourceSize": {"x":0,"y":0,"w":72,"h":86},
	"sourceSize": {"w":76,"h":86}
},
"head/headL0003.png":
{
	"frame": {"x":1,"y":1,"w":74,"h":84},
	"rotated": false,
	"trimmed": true,
	"spriteSourceSize": {"x":0,"y":2,"w":74,"h":84},
	"sourceSize": {"w":76,"h":86}
},
"head/headL0004.png":
{
	"frame": {"x":77,"y":1,"w":74,"h":84},
	"rotated": false,
	"trimmed": true,
	"spriteSourceSize": {"x":0,"y":2,"w":74,"h":84},
	"sourceSize": {"w":76,"h":86}
},
"head/headL0005.png":
{
	"frame": {"x":387,"y":1,"w":76,"h":85},
	"rotated": false,
	"trimmed": true,
	"spriteSourceSize": {"x":0,"y":1,"w":76,"h":85},
	"sourceSize": {"w":76,"h":86}
},
"head/headL0006.png":
{
	"frame": {"x":1,"y":87,"w":76,"h":85},
	"rotated": false,
	"trimmed": true,
	"spriteSourceSize": {"x":0,"y":1,"w":76,"h":85},
	"sourceSize": {"w":76,"h":86}
},
"head/headL0007.png":
{
	"frame": {"x":309,"y":175,"w":74,"h":86},
	"rotated": false,
	"trimmed": true,
	"spriteSourceSize": {"x":0,"y":0,"w":74,"h":86},
	"sourceSize": {"w":76,"h":86}
},
"head/headL0008.png":
{
	"frame": {"x":433,"y":182,"w":74,"h":86},
	"rotated": false,
	"trimmed": true,
	"spriteSourceSize": {"x":0,"y":0,"w":74,"h":86},
	"sourceSize": {"w":76,"h":86}
},
"head/headLD0001.png":
{
	"frame": {"x":1,"y":262,"w":74,"h":86},
	"rotated": false,
	"trimmed": true,
	"spriteSourceSize": {"x":0,"y":0,"w":74,"h":86},
	"sourceSize": {"w":78,"h":86}
},
"head/headLD0002.png":
{
	"frame": {"x":77,"y":262,"w":74,"h":86},
	"rotated": false,
	"trimmed": true,
	"spriteSourceSize": {"x":0,"y":0,"w":74,"h":86},
	"sourceSize": {"w":78,"h":86}
},
"head/headLD0003.png":
{
	"frame": {"x":153,"y":1,"w":76,"h":84},
	"rotated": false,
	"trimmed": true,
	"spriteSourceSize": {"x":0,"y":2,"w":76,"h":84},
	"sourceSize": {"w":78,"h":86}
},
"head/headLD0004.png":
{
	"frame": {"x":231,"y":1,"w":76,"h":84},
	"rotated": false,
	"trimmed": true,
	"spriteSourceSize": {"x":0,"y":2,"w":76,"h":84},
	"sourceSize": {"w":78,"h":86}
},
"head/headLD0005.png":
{
	"frame": {"x":79,"y":87,"w":78,"h":85},
	"rotated": false,
	"trimmed": true,
	"spriteSourceSize": {"x":0,"y":1,"w":78,"h":85},
	"sourceSize": {"w":78,"h":86}
},
"head/headLD0006.png":
{
	"frame": {"x":159,"y":87,"w":78,"h":85},
	"rotated": false,
	"trimmed": true,
	"spriteSourceSize": {"x":0,"y":1,"w":78,"h":85},
	"sourceSize": {"w":78,"h":86}
},
"head/headLD0007.png":
{
	"frame": {"x":153,"y":262,"w":77,"h":86},
	"rotated": false,
	"trimmed": true,
	"spriteSourceSize": {"x":0,"y":0,"w":77,"h":86},
	"sourceSize": {"w":78,"h":86}
},
"head/headLD0008.png":
{
	"frame": {"x":431,"y":270,"w":77,"h":86},
	"rotated": false,
	"trimmed": true,
	"spriteSourceSize": {"x":0,"y":0,"w":77,"h":86},
	"sourceSize": {"w":78,"h":86}
},
"head/headLU0001.png":
{
	"frame": {"x":232,"y":262,"w":73,"h":86},
	"rotated": false,
	"trimmed": true,
	"spriteSourceSize": {"x":1,"y":0,"w":73,"h":86},
	"sourceSize": {"w":78,"h":86}
},
"head/headLU0002.png":
{
	"frame": {"x":307,"y":263,"w":74,"h":86},
	"rotated": false,
	"trimmed": true,
	"spriteSourceSize": {"x":0,"y":0,"w":74,"h":86},
	"sourceSize": {"w":78,"h":86}
},
"head/headLU0003.png":
{
	"frame": {"x":309,"y":1,"w":76,"h":84},
	"rotated": false,
	"trimmed": true,
	"spriteSourceSize": {"x":0,"y":2,"w":76,"h":84},
	"sourceSize": {"w":78,"h":86}
},
"head/headLU0004.png":
{
	"frame": {"x":309,"y":1,"w":76,"h":84},
	"rotated": false,
	"trimmed": true,
	"spriteSourceSize": {"x":0,"y":2,"w":76,"h":84},
	"sourceSize": {"w":78,"h":86}
},
"head/headLU0005.png":
{
	"frame": {"x":239,"y":87,"w":78,"h":85},
	"rotated": false,
	"trimmed": true,
	"spriteSourceSize": {"x":0,"y":1,"w":78,"h":85},
	"sourceSize": {"w":78,"h":86}
},
"head/headLU0006.png":
{
	"frame": {"x":319,"y":88,"w":78,"h":85},
	"rotated": false,
	"trimmed": true,
	"spriteSourceSize": {"x":0,"y":1,"w":78,"h":85},
	"sourceSize": {"w":78,"h":86}
},
"head/headLU0007.png":
{
	"frame": {"x":1,"y":350,"w":77,"h":86},
	"rotated": false,
	"trimmed": true,
	"spriteSourceSize": {"x":0,"y":0,"w":77,"h":86},
	"sourceSize": {"w":78,"h":86}
},
"head/headLU0008.png":
{
	"frame": {"x":80,"y":350,"w":76,"h":86},
	"rotated": false,
	"trimmed": true,
	"spriteSourceSize": {"x":1,"y":0,"w":76,"h":86},
	"sourceSize": {"w":78,"h":86}
},
"head/headU0001.png":
{
	"frame": {"x":445,"y":358,"w":46,"h":90},
	"rotated": false,
	"trimmed": false,
	"spriteSourceSize": {"x":0,"y":0,"w":46,"h":90},
	"sourceSize": {"w":46,"h":90}
},
"head/headU0002.png":
{
	"frame": {"x":445,"y":358,"w":46,"h":90},
	"rotated": false,
	"trimmed": false,
	"spriteSourceSize": {"x":0,"y":0,"w":46,"h":90},
	"sourceSize": {"w":46,"h":90}
},
"head/headU0003.png":
{
	"frame": {"x":206,"y":350,"w":46,"h":89},
	"rotated": false,
	"trimmed": true,
	"spriteSourceSize": {"x":0,"y":1,"w":46,"h":89},
	"sourceSize": {"w":46,"h":90}
},
"head/headU0004.png":
{
	"frame": {"x":206,"y":350,"w":46,"h":89},
	"rotated": false,
	"trimmed": true,
	"spriteSourceSize": {"x":0,"y":1,"w":46,"h":89},
	"sourceSize": {"w":46,"h":90}
},
"head/headU0005.png":
{
	"frame": {"x":385,"y":177,"w":46,"h":87},
	"rotated": false,
	"trimmed": true,
	"spriteSourceSize": {"x":0,"y":3,"w":46,"h":87},
	"sourceSize": {"w":46,"h":90}
},
"head/headU0006.png":
{
	"frame": {"x":385,"y":177,"w":46,"h":87},
	"rotated": false,
	"trimmed": true,
	"spriteSourceSize": {"x":0,"y":3,"w":46,"h":87},
	"sourceSize": {"w":46,"h":90}
},
"head/headU0007.png":
{
	"frame": {"x":1,"y":438,"w":45,"h":90},
	"rotated": false,
	"trimmed": true,
	"spriteSourceSize": {"x":0,"y":0,"w":45,"h":90},
	"sourceSize": {"w":46,"h":90}
},
"head/headU0008.png":
{
	"frame": {"x":1,"y":438,"w":45,"h":90},
	"rotated": false,
	"trimmed": true,
	"spriteSourceSize": {"x":0,"y":0,"w":45,"h":90},
	"sourceSize": {"w":46,"h":90}
},
"idle/idleL.png":
{
	"frame": {"x":49,"y":834,"w":57,"h":102},
	"rotated": false,
	"trimmed": false,
	"spriteSourceSize": {"x":0,"y":0,"w":57,"h":102},
	"sourceSize": {"w":57,"h":102}
},
"idle/idleLD.png":
{
	"frame": {"x":1,"y":727,"w":46,"h":100},
	"rotated": false,
	"trimmed": false,
	"spriteSourceSize": {"x":0,"y":0,"w":46,"h":100},
	"sourceSize": {"w":46,"h":100}
},
"idle/idleLU.png":
{
	"frame": {"x":49,"y":731,"w":52,"h":100},
	"rotated": false,
	"trimmed": false,
	"spriteSourceSize": {"x":0,"y":0,"w":52,"h":100},
	"sourceSize": {"w":52,"h":100}
},
"run/runL0001.png":
{
	"frame": {"x":103,"y":731,"w":60,"h":101},
	"rotated": false,
	"trimmed": true,
	"spriteSourceSize": {"x":0,"y":0,"w":60,"h":101},
	"sourceSize": {"w":60,"h":109}
},
"run/runL0002.png":
{
	"frame": {"x":265,"y":849,"w":59,"h":106},
	"rotated": false,
	"trimmed": true,
	"spriteSourceSize": {"x":0,"y":0,"w":59,"h":106},
	"sourceSize": {"w":60,"h":109}
},
"run/runL0003.png":
{
	"frame": {"x":261,"y":957,"w":60,"h":109},
	"rotated": false,
	"trimmed": false,
	"spriteSourceSize": {"x":0,"y":0,"w":60,"h":109},
	"sourceSize": {"w":60,"h":109}
},
"run/runL0004.png":
{
	"frame": {"x":323,"y":957,"w":60,"h":109},
	"rotated": false,
	"trimmed": false,
	"spriteSourceSize": {"x":0,"y":0,"w":60,"h":109},
	"sourceSize": {"w":60,"h":109}
},
"run/runL0005.png":
{
	"frame": {"x":441,"y":746,"w":60,"h":101},
	"rotated": false,
	"trimmed": true,
	"spriteSourceSize": {"x":0,"y":0,"w":60,"h":101},
	"sourceSize": {"w":60,"h":109}
},
"run/runL0006.png":
{
	"frame": {"x":326,"y":849,"w":59,"h":106},
	"rotated": false,
	"trimmed": true,
	"spriteSourceSize": {"x":0,"y":0,"w":59,"h":106},
	"sourceSize": {"w":60,"h":109}
},
"run/runL0007.png":
{
	"frame": {"x":385,"y":959,"w":59,"h":109},
	"rotated": false,
	"trimmed": true,
	"spriteSourceSize": {"x":0,"y":0,"w":59,"h":109},
	"sourceSize": {"w":60,"h":109}
},
"run/runL0008.png":
{
	"frame": {"x":446,"y":959,"w":59,"h":109},
	"rotated": false,
	"trimmed": true,
	"spriteSourceSize": {"x":0,"y":0,"w":59,"h":109},
	"sourceSize": {"w":60,"h":109}
},
"run/runLD0001.png":
{
	"frame": {"x":1,"y":936,"w":46,"h":110},
	"rotated": false,
	"trimmed": false,
	"spriteSourceSize": {"x":0,"y":0,"w":46,"h":110},
	"sourceSize": {"w":46,"h":110}
},
"run/runLD0002.png":
{
	"frame": {"x":104,"y":941,"w":46,"h":110},
	"rotated": false,
	"trimmed": false,
	"spriteSourceSize": {"x":0,"y":0,"w":46,"h":110},
	"sourceSize": {"w":46,"h":110}
},
"run/runLD0003.png":
{
	"frame": {"x":387,"y":849,"w":46,"h":108},
	"rotated": false,
	"trimmed": true,
	"spriteSourceSize": {"x":0,"y":0,"w":46,"h":108},
	"sourceSize": {"w":46,"h":110}
},
"run/runLD0004.png":
{
	"frame": {"x":1,"y":829,"w":46,"h":105},
	"rotated": false,
	"trimmed": true,
	"spriteSourceSize": {"x":0,"y":0,"w":46,"h":105},
	"sourceSize": {"w":46,"h":110}
},
"run/runLD0005.png":
{
	"frame": {"x":55,"y":1048,"w":46,"h":110},
	"rotated": false,
	"trimmed": false,
	"spriteSourceSize": {"x":0,"y":0,"w":46,"h":110},
	"sourceSize": {"w":46,"h":110}
},
"run/runLD0006.png":
{
	"frame": {"x":103,"y":1053,"w":46,"h":110},
	"rotated": false,
	"trimmed": false,
	"spriteSourceSize": {"x":0,"y":0,"w":46,"h":110},
	"sourceSize": {"w":46,"h":110}
},
"run/runLD0007.png":
{
	"frame": {"x":435,"y":849,"w":46,"h":108},
	"rotated": false,
	"trimmed": true,
	"spriteSourceSize": {"x":0,"y":0,"w":46,"h":108},
	"sourceSize": {"w":46,"h":110}
},
"run/runLD0008.png":
{
	"frame": {"x":108,"y":834,"w":46,"h":105},
	"rotated": false,
	"trimmed": true,
	"spriteSourceSize": {"x":0,"y":0,"w":46,"h":105},
	"sourceSize": {"w":46,"h":110}
},
"run/runLU0001.png":
{
	"frame": {"x":165,"y":734,"w":52,"h":101},
	"rotated": false,
	"trimmed": true,
	"spriteSourceSize": {"x":0,"y":0,"w":52,"h":101},
	"sourceSize": {"w":53,"h":109}
},
"run/runLU0002.png":
{
	"frame": {"x":156,"y":837,"w":53,"h":105},
	"rotated": false,
	"trimmed": true,
	"spriteSourceSize": {"x":0,"y":0,"w":53,"h":105},
	"sourceSize": {"w":53,"h":109}
},
"run/runLU0003.png":
{
	"frame": {"x":49,"y":938,"w":53,"h":108},
	"rotated": false,
	"trimmed": true,
	"spriteSourceSize": {"x":0,"y":0,"w":53,"h":108},
	"sourceSize": {"w":53,"h":109}
},
"run/runLU0004.png":
{
	"frame": {"x":206,"y":950,"w":53,"h":109},
	"rotated": false,
	"trimmed": false,
	"spriteSourceSize": {"x":0,"y":0,"w":53,"h":109},
	"sourceSize": {"w":53,"h":109}
},
"run/runLU0005.png":
{
	"frame": {"x":219,"y":740,"w":52,"h":101},
	"rotated": false,
	"trimmed": true,
	"spriteSourceSize": {"x":0,"y":0,"w":52,"h":101},
	"sourceSize": {"w":53,"h":109}
},
"run/runLU0006.png":
{
	"frame": {"x":211,"y":843,"w":52,"h":105},
	"rotated": false,
	"trimmed": true,
	"spriteSourceSize": {"x":0,"y":0,"w":52,"h":105},
	"sourceSize": {"w":53,"h":109}
},
"run/runLU0007.png":
{
	"frame": {"x":152,"y":944,"w":52,"h":108},
	"rotated": false,
	"trimmed": true,
	"spriteSourceSize": {"x":0,"y":0,"w":52,"h":108},
	"sourceSize": {"w":53,"h":109}
},
"run/runLU0008.png":
{
	"frame": {"x":1,"y":1048,"w":52,"h":109},
	"rotated": false,
	"trimmed": true,
	"spriteSourceSize": {"x":0,"y":0,"w":52,"h":109},
	"sourceSize": {"w":53,"h":109}
}},
"meta": {
	"app": "http://www.codeandweb.com/texturepacker",
	"version": "1.0",
	"image": "salsicha.png",
	"format": "RGBA8888",
	"size": {"w":511,"h":1410},
	"scale": "1",
	"smartupdate": "$TexturePacker:SmartUpdate:fcc39d43d78cf98dcd934fe5dbc92b44:952749ea28d2c1a3a7b9051232616752:00e59caff189c274b92eccb5e63ee164$"
}
}
